word,openmoji_url,match_type,annotation
Above,,none,
Actor,https://cdn.jsdelivr.net/gh/hfg-gmuend/openmoji@master/color/svg/1F9D1-200D-1F3ED.svg,openmoji|score80,factory worker
Ahead,,none,
Air,https://cdn.jsdelivr.net/gh/hfg-gmuend/openmoji@master/color/svg/1F471.svg,openmoji|score80,person: blond hair
Airline,,none,
Airplane,https://cdn.jsdelivr.net/gh/hfg-gmuend/openmoji@master/color/svg/2708.svg,openmoji|score100,airplane
Alligator,,none,
Almonds,,none,
Alpaca,,none,
Amber,,none,
Ambulance,https://cdn.jsdelivr.net/gh/hfg-gmuend/openmoji@master/color/svg/1F691.svg,openmoji|score100,ambulance
Ankle,,none,
Ant,https://cdn.jsdelivr.net/gh/hfg-gmuend/openmoji@master/color/svg/1F41C.svg,openmoji|score100,ant
Apple,https://cdn.jsdelivr.net/gh/hfg-gmuend/openmoji@master/color/svg/F8FF.svg,openmoji|score100,apple
Apple Pie,https://cdn.jsdelivr.net/gh/hfg-gmuend/openmoji@master/color/svg/1F967.svg,openmoji|score90,pie
Apricot,,none,
Aqua,https://cdn.jsdelivr.net/gh/hfg-gmuend/openmoji@master/color/svg/2652.svg,openmoji|score80,Aquarius
Architect,,none,
Arm,https://cdn.jsdelivr.net/gh/hfg-gmuend/openmoji@master/color/svg/1F9BE.svg,openmoji|score80,mechanical arm
Artichoke,,none,
Artist,https://cdn.jsdelivr.net/gh/hfg-gmuend/openmoji@master/color/svg/1F9D1-200D-1F3A8.svg,openmoji|score100,artist
Asparagus,,none,
Aunt,,none,
Avocado,https://cdn.jsdelivr.net/gh/hfg-gmuend/openmoji@master/color/svg/1F951.svg,openmoji|score100,avocado
Baby,https://cdn.jsdelivr.net/gh/hfg-gmuend/openmoji@master/color/svg/1F476.svg,openmoji|score100,baby
Back,https://cdn.jsdelivr.net/gh/hfg-gmuend/openmoji@master/color/svg/1F979.svg,openmoji|score80,face holding back tears
Baker,,none,
Bakery,,none,
Banana,https://cdn.jsdelivr.net/gh/hfg-gmuend/openmoji@master/color/svg/1F34C.svg,openmoji|score100,banana
Bank,https://cdn.jsdelivr.net/gh/hfg-gmuend/openmoji@master/color/svg/1F3E6.svg,openmoji|score100,bank
Barber,https://cdn.jsdelivr.net/gh/hfg-gmuend/openmoji@master/color/svg/1F488.svg,openmoji|score80,barber pole
Bat,https://cdn.jsdelivr.net/gh/hfg-gmuend/openmoji@master/color/svg/1F987.svg,openmoji|score100,bat
Beach,https://cdn.jsdelivr.net/gh/hfg-gmuend/openmoji@master/color/svg/1F3D6.svg,openmoji|score80,beach with umbrella
Beans,https://cdn.jsdelivr.net/gh/hfg-gmuend/openmoji@master/color/svg/1FAD8.svg,openmoji|score100,beans
Bear,https://cdn.jsdelivr.net/gh/hfg-gmuend/openmoji@master/color/svg/1F43B.svg,openmoji|score100,bear
Bee,https://cdn.jsdelivr.net/gh/hfg-gmuend/openmoji@master/color/svg/1F41D.svg,openmoji|score80,honeybee
Behind,https://cdn.jsdelivr.net/gh/hfg-gmuend/openmoji@master/color/svg/26C5.svg,openmoji|score80,sun behind cloud
Bell Pepper,https://cdn.jsdelivr.net/gh/hfg-gmuend/openmoji@master/color/svg/1FAD1.svg,openmoji|score100,bell pepper
Below,,none,
Between,,none,
Bicycle,https://cdn.jsdelivr.net/gh/hfg-gmuend/openmoji@master/color/svg/1F6B2.svg,openmoji|score100,bicycle
Bike,https://cdn.jsdelivr.net/gh/hfg-gmuend/openmoji@master/color/svg/E14A.svg,openmoji|score80,motorbike helmet
Birthday,https://cdn.jsdelivr.net/gh/hfg-gmuend/openmoji@master/color/svg/1F382.svg,openmoji|score80,birthday cake
Biscuit,,none,
Black,https://cdn.jsdelivr.net/gh/hfg-gmuend/openmoji@master/color/svg/1F5A4.svg,openmoji|score80,black heart
Blue,https://cdn.jsdelivr.net/gh/hfg-gmuend/openmoji@master/color/svg/1F499.svg,openmoji|score80,blue heart
Blueberry,,none,
Boat,https://cdn.jsdelivr.net/gh/hfg-gmuend/openmoji@master/color/svg/1F6A3.svg,openmoji|score80,person rowing boat
Bread,https://cdn.jsdelivr.net/gh/hfg-gmuend/openmoji@master/color/svg/1F35E.svg,openmoji|score100,bread
Breeze,,none,
Brinjal,,none,
Broccoli,https://cdn.jsdelivr.net/gh/hfg-gmuend/openmoji@master/color/svg/1F966.svg,openmoji|score100,broccoli
Brother,,none,
Brown,https://cdn.jsdelivr.net/gh/hfg-gmuend/openmoji@master/color/svg/1F90E.svg,openmoji|score80,brown heart
Buddhism,,none,
Builder,,none,
Bull,https://cdn.jsdelivr.net/gh/hfg-gmuend/openmoji@master/color/svg/1F685.svg,openmoji|score80,bullet train
Bus,https://cdn.jsdelivr.net/gh/hfg-gmuend/openmoji@master/color/svg/1F68C.svg,openmoji|score100,bus
Butter,https://cdn.jsdelivr.net/gh/hfg-gmuend/openmoji@master/color/svg/1F9C8.svg,openmoji|score100,butter
Butterfly,https://cdn.jsdelivr.net/gh/hfg-gmuend/openmoji@master/color/svg/1F98B.svg,openmoji|score100,butterfly
Cabbage,,none,
Café,https://cdn.jsdelivr.net/gh/hfg-gmuend/openmoji@master/color/svg/E200.svg,openmoji|score80,cafeteria
Cake,https://cdn.jsdelivr.net/gh/hfg-gmuend/openmoji@master/color/svg/E0C7.svg,openmoji|score100,cake
Camel,https://cdn.jsdelivr.net/gh/hfg-gmuend/openmoji@master/color/svg/1F42A.svg,openmoji|score100,camel
Canoe,https://cdn.jsdelivr.net/gh/hfg-gmuend/openmoji@master/color/svg/1F6F6.svg,openmoji|score100,canoe
Cantaloupe,,none,
Capsicum,,none,
Car,https://cdn.jsdelivr.net/gh/hfg-gmuend/openmoji@master/color/svg/1F9D5.svg,openmoji|score80,woman with headscarf
Carnival,,none,
Carpenter,,none,
Carrot,https://cdn.jsdelivr.net/gh/hfg-gmuend/openmoji@master/color/svg/1F955.svg,openmoji|score100,carrot
Cashier,,none,
Cat,https://cdn.jsdelivr.net/gh/hfg-gmuend/openmoji@master/color/svg/1F408.svg,openmoji|score100,cat
Cauliflower,,none,
Chapati,,none,
Cheek,,none,
Cheese,https://cdn.jsdelivr.net/gh/hfg-gmuend/openmoji@master/color/svg/1F9C0.svg,openmoji|score80,cheese wedge
Chef,,none,
Cherry,https://cdn.jsdelivr.net/gh/hfg-gmuend/openmoji@master/color/svg/1F338.svg,openmoji|score80,cherry blossom
Chest,https://cdn.jsdelivr.net/gh/hfg-gmuend/openmoji@master/color/svg/1F330.svg,openmoji|score80,chestnut
Chicken,https://cdn.jsdelivr.net/gh/hfg-gmuend/openmoji@master/color/svg/1F414.svg,openmoji|score100,chicken
Chin,https://cdn.jsdelivr.net/gh/hfg-gmuend/openmoji@master/color/svg/1F90F.svg,openmoji|score80,pinching hand
Christianity,,none,
Christmas,https://cdn.jsdelivr.net/gh/hfg-gmuend/openmoji@master/color/svg/1F384.svg,openmoji|score80,Christmas tree
Circle,https://cdn.jsdelivr.net/gh/hfg-gmuend/openmoji@master/color/svg/2B55.svg,openmoji|score80,hollow red circle
Cloud,https://cdn.jsdelivr.net/gh/hfg-gmuend/openmoji@master/color/svg/2601.svg,openmoji|score100,cloud
Coconut,https://cdn.jsdelivr.net/gh/hfg-gmuend/openmoji@master/color/svg/1F965.svg,openmoji|score100,coconut
Cone,,none,
Cookie,https://cdn.jsdelivr.net/gh/hfg-gmuend/openmoji@master/color/svg/1F36A.svg,openmoji|score100,cookie
Corn,https://cdn.jsdelivr.net/gh/hfg-gmuend/openmoji@master/color/svg/1F984.svg,openmoji|score80,unicorn
Cousin,,none,
Cow,https://cdn.jsdelivr.net/gh/hfg-gmuend/openmoji@master/color/svg/1F404.svg,openmoji|score100,cow
Crab,https://cdn.jsdelivr.net/gh/hfg-gmuend/openmoji@master/color/svg/1F980.svg,openmoji|score100,crab
Crimson,,none,
Crow,https://cdn.jsdelivr.net/gh/hfg-gmuend/openmoji@master/color/svg/1FAC5.svg,openmoji|score80,person with crown
Cube,,none,
Cucumber,https://cdn.jsdelivr.net/gh/hfg-gmuend/openmoji@master/color/svg/1F952.svg,openmoji|score100,cucumber
Curry,https://cdn.jsdelivr.net/gh/hfg-gmuend/openmoji@master/color/svg/1F35B.svg,openmoji|score80,curry rice
Cyan,,none,
Dad,https://cdn.jsdelivr.net/gh/hfg-gmuend/openmoji@master/color/svg/1F1F9-1F1F9.svg,openmoji|score80,flag: Trinidad & Tobago
Dairy Shop,https://cdn.jsdelivr.net/gh/hfg-gmuend/openmoji@master/color/svg/1F6CD.svg,openmoji|score60,shopping bags
Dal,https://cdn.jsdelivr.net/gh/hfg-gmuend/openmoji@master/color/svg/1F396.svg,openmoji|score80,military medal
Date,,none,
Daughter,,none,
Deer,https://cdn.jsdelivr.net/gh/hfg-gmuend/openmoji@master/color/svg/1F98C.svg,openmoji|score100,deer
Dentist,,none,
Desert,https://cdn.jsdelivr.net/gh/hfg-gmuend/openmoji@master/color/svg/1F3DC.svg,openmoji|score100,desert
Designer,,none,
Diamond,https://cdn.jsdelivr.net/gh/hfg-gmuend/openmoji@master/color/svg/2666.svg,openmoji|score80,diamond suit
Diwali,,none,
Doctor,https://cdn.jsdelivr.net/gh/hfg-gmuend/openmoji@master/color/svg/E300.svg,openmoji|score80,female doctor
Dog,https://cdn.jsdelivr.net/gh/hfg-gmuend/openmoji@master/color/svg/1F415.svg,openmoji|score100,dog
Dolphin,https://cdn.jsdelivr.net/gh/hfg-gmuend/openmoji@master/color/svg/1F42C.svg,openmoji|score100,dolphin
Donut,,none,
Dosa,,none,
Dove,https://cdn.jsdelivr.net/gh/hfg-gmuend/openmoji@master/color/svg/1F54A.svg,openmoji|score100,dove
Down,https://cdn.jsdelivr.net/gh/hfg-gmuend/openmoji@master/color/svg/1F643.svg,openmoji|score80,upside-down face
Dragon Fruit,https://cdn.jsdelivr.net/gh/hfg-gmuend/openmoji@master/color/svg/1F409.svg,openmoji|score90,dragon
Driver,https://cdn.jsdelivr.net/gh/hfg-gmuend/openmoji@master/color/svg/1FA9B.svg,openmoji|score80,screwdriver
Duck,https://cdn.jsdelivr.net/gh/hfg-gmuend/openmoji@master/color/svg/1F986.svg,openmoji|score100,duck
Dumper Truck,https://cdn.jsdelivr.net/gh/hfg-gmuend/openmoji@master/color/svg/1F929.svg,openmoji|score60,star-struck
Dussehra,,none,
Eagle,https://cdn.jsdelivr.net/gh/hfg-gmuend/openmoji@master/color/svg/1F985.svg,openmoji|score100,eagle
Ear,https://cdn.jsdelivr.net/gh/hfg-gmuend/openmoji@master/color/svg/1F442.svg,openmoji|score100,ear
Earth,https://cdn.jsdelivr.net/gh/hfg-gmuend/openmoji@master/color/svg/E09C.svg,openmoji|score80,earthquake
East,https://cdn.jsdelivr.net/gh/hfg-gmuend/openmoji@master/color/svg/1F931.svg,openmoji|score80,breast-feeding
Easter,,none,
Eggplant,https://cdn.jsdelivr.net/gh/hfg-gmuend/openmoji@master/color/svg/1F346.svg,openmoji|score100,eggplant
Eid,,none,
Elbow,https://cdn.jsdelivr.net/gh/hfg-gmuend/openmoji@master/color/svg/E0AD.svg,openmoji|score80,person sneezing into elbow
Elderberry,,none,
Electrician,,none,
Elephant,https://cdn.jsdelivr.net/gh/hfg-gmuend/openmoji@master/color/svg/1F418.svg,openmoji|score100,elephant
Engineer,,none,
Eye,https://cdn.jsdelivr.net/gh/hfg-gmuend/openmoji@master/color/svg/1F441.svg,openmoji|score100,eye
Eyebrow,https://cdn.jsdelivr.net/gh/hfg-gmuend/openmoji@master/color/svg/1F928.svg,openmoji|score80,face with raised eyebrow
Factory,https://cdn.jsdelivr.net/gh/hfg-gmuend/openmoji@master/color/svg/1F3ED.svg,openmoji|score100,factory
Family,https://cdn.jsdelivr.net/gh/hfg-gmuend/openmoji@master/color/svg/1F46A.svg,openmoji|score100,family
Farm,https://cdn.jsdelivr.net/gh/hfg-gmuend/openmoji@master/color/svg/1F9D1-200D-1F33E.svg,openmoji|score80,farmer
Farmer,https://cdn.jsdelivr.net/gh/hfg-gmuend/openmoji@master/color/svg/1F9D1-200D-1F33E.svg,openmoji|score100,farmer
Father,,none,
Ferry,https://cdn.jsdelivr.net/gh/hfg-gmuend/openmoji@master/color/svg/26F4.svg,openmoji|score100,ferry
Fig,https://cdn.jsdelivr.net/gh/hfg-gmuend/openmoji@master/color/svg/1FAEF.svg,openmoji|score80,fight cloud
Finger,https://cdn.jsdelivr.net/gh/hfg-gmuend/openmoji@master/color/svg/1F590.svg,openmoji|score80,hand with fingers splayed
Fire Truck,https://cdn.jsdelivr.net/gh/hfg-gmuend/openmoji@master/color/svg/1F525.svg,openmoji|score90,fire
Firefighter,https://cdn.jsdelivr.net/gh/hfg-gmuend/openmoji@master/color/svg/1F9D1-200D-1F692.svg,openmoji|score100,firefighter
Fish,https://cdn.jsdelivr.net/gh/hfg-gmuend/openmoji@master/color/svg/1F41F.svg,openmoji|score100,fish
Flamingo,https://cdn.jsdelivr.net/gh/hfg-gmuend/openmoji@master/color/svg/1F9A9.svg,openmoji|score100,flamingo
Flower,https://cdn.jsdelivr.net/gh/hfg-gmuend/openmoji@master/color/svg/1F4AE.svg,openmoji|score80,white flower
Fog,https://cdn.jsdelivr.net/gh/hfg-gmuend/openmoji@master/color/svg/1F32B.svg,openmoji|score100,fog
Foot,https://cdn.jsdelivr.net/gh/hfg-gmuend/openmoji@master/color/svg/1F9B6.svg,openmoji|score100,foot
Forehead,,none,
Forest,,none,
Forward,https://cdn.jsdelivr.net/gh/hfg-gmuend/openmoji@master/color/svg/E24F.svg,openmoji|score100,forward
Fox,https://cdn.jsdelivr.net/gh/hfg-gmuend/openmoji@master/color/svg/1F98A.svg,openmoji|score100,fox
French Fries,https://cdn.jsdelivr.net/gh/hfg-gmuend/openmoji@master/color/svg/1F35F.svg,openmoji|score100,french fries
Frog,https://cdn.jsdelivr.net/gh/hfg-gmuend/openmoji@master/color/svg/1F438.svg,openmoji|score100,frog
Front,https://cdn.jsdelivr.net/gh/hfg-gmuend/openmoji@master/color/svg/1F425.svg,openmoji|score80,front-facing baby chick
Fruit Salad,https://cdn.jsdelivr.net/gh/hfg-gmuend/openmoji@master/color/svg/1F95D.svg,openmoji|score60,kiwi fruit
Ganesh Chaturthi,,none,
Garage,https://cdn.jsdelivr.net/gh/hfg-gmuend/openmoji@master/color/svg/E206.svg,openmoji|score80,parking garage
Gardener,https://cdn.jsdelivr.net/gh/hfg-gmuend/openmoji@master/color/svg/E340.svg,openmoji|score80,gardener man
Garlic,https://cdn.jsdelivr.net/gh/hfg-gmuend/openmoji@master/color/svg/1F9C4.svg,openmoji|score100,garlic
Ginger,https://cdn.jsdelivr.net/gh/hfg-gmuend/openmoji@master/color/svg/1FADA.svg,openmoji|score80,ginger root
Giraffe,https://cdn.jsdelivr.net/gh/hfg-gmuend/openmoji@master/color/svg/1F992.svg,openmoji|score100,giraffe
Goat,https://cdn.jsdelivr.net/gh/hfg-gmuend/openmoji@master/color/svg/1F410.svg,openmoji|score100,goat
Gold,https://cdn.jsdelivr.net/gh/hfg-gmuend/openmoji@master/color/svg/E000.svg,openmoji|score80,goldfish
Goose,https://cdn.jsdelivr.net/gh/hfg-gmuend/openmoji@master/color/svg/1FABF.svg,openmoji|score100,goose
Gorilla,https://cdn.jsdelivr.net/gh/hfg-gmuend/openmoji@master/color/svg/1F98D.svg,openmoji|score100,gorilla
Grandfather,,none,
Grandmother,,none,
Grandson,,none,
Grape,https://cdn.jsdelivr.net/gh/hfg-gmuend/openmoji@master/color/svg/1F347.svg,openmoji|score80,grapes
Grass,,none,
Gray,,none,
Green,https://cdn.jsdelivr.net/gh/hfg-gmuend/openmoji@master/color/svg/1F49A.svg,openmoji|score80,green heart
Green Beans,https://cdn.jsdelivr.net/gh/hfg-gmuend/openmoji@master/color/svg/1FAD8.svg,openmoji|score90,beans
Grilled Cheese,https://cdn.jsdelivr.net/gh/hfg-gmuend/openmoji@master/color/svg/1F9C0.svg,openmoji|score60,cheese wedge
Grocery Store,https://cdn.jsdelivr.net/gh/hfg-gmuend/openmoji@master/color/svg/1F3EA.svg,openmoji|score60,convenience store
Guava,,none,
Hairdresser,,none,
Halloween,,none,
Hand,https://cdn.jsdelivr.net/gh/hfg-gmuend/openmoji@master/color/svg/1F917.svg,openmoji|score80,smiling face with open hands
Hanukkah,,none,
Hardware Store,https://cdn.jsdelivr.net/gh/hfg-gmuend/openmoji@master/color/svg/1F3EA.svg,openmoji|score60,convenience store
Head,https://cdn.jsdelivr.net/gh/hfg-gmuend/openmoji@master/color/svg/1F642-200D-2194-FE0F.svg,openmoji|score80,head shaking horizontally
Heart,https://cdn.jsdelivr.net/gh/hfg-gmuend/openmoji@master/color/svg/1F970.svg,openmoji|score80,smiling face with hearts
Hedgehog,https://cdn.jsdelivr.net/gh/hfg-gmuend/openmoji@master/color/svg/1F994.svg,openmoji|score100,hedgehog
Helicopter,https://cdn.jsdelivr.net/gh/hfg-gmuend/openmoji@master/color/svg/1F681.svg,openmoji|score100,helicopter
Hexagon,https://cdn.jsdelivr.net/gh/hfg-gmuend/openmoji@master/color/svg/2B21-FE0F-200D-1F308.svg,openmoji|score80,rainbow hexagon
Hill,,none,
Hinduism,,none,
Hip,https://cdn.jsdelivr.net/gh/hfg-gmuend/openmoji@master/color/svg/1F99B.svg,openmoji|score80,hippopotamus
Hippo,https://cdn.jsdelivr.net/gh/hfg-gmuend/openmoji@master/color/svg/1F99B.svg,openmoji|score80,hippopotamus
Holi,,none,
Honey,https://cdn.jsdelivr.net/gh/hfg-gmuend/openmoji@master/color/svg/1F41D.svg,openmoji|score80,honeybee
Honeydew Melon,https://cdn.jsdelivr.net/gh/hfg-gmuend/openmoji@master/color/svg/1F348.svg,openmoji|score90,melon
Horse,https://cdn.jsdelivr.net/gh/hfg-gmuend/openmoji@master/color/svg/1F40E.svg,openmoji|score100,horse
Hummus,,none,
Husband,,none,
Ice,https://cdn.jsdelivr.net/gh/hfg-gmuend/openmoji@master/color/svg/1F9CA.svg,openmoji|score100,ice
Ice Cream,https://cdn.jsdelivr.net/gh/hfg-gmuend/openmoji@master/color/svg/1F368.svg,openmoji|score100,ice cream
Idli,,none,
Iguana,,none,
In,https://cdn.jsdelivr.net/gh/hfg-gmuend/openmoji@master/color/svg/1F600.svg,openmoji|score80,grinning face
Indian Gooseberry,https://cdn.jsdelivr.net/gh/hfg-gmuend/openmoji@master/color/svg/1F1EE-1F1F4.svg,openmoji|score60,flag: British Indian Ocean Territory
Indigo,,none,
Inside,,none,
Islam,,none,
Ivory,,none,
Jackfruit,,none,
Jaguar,,none,
Jainism,,none,
Jam,https://cdn.jsdelivr.net/gh/hfg-gmuend/openmoji@master/color/svg/1F1EF-1F1F2.svg,openmoji|score80,flag: Jamaica
Jamun,,none,
Jeep,,none,
Jellyfish,https://cdn.jsdelivr.net/gh/hfg-gmuend/openmoji@master/color/svg/1FABC.svg,openmoji|score100,jellyfish
Jet,,none,
Jewelry Store,https://cdn.jsdelivr.net/gh/hfg-gmuend/openmoji@master/color/svg/1F3EA.svg,openmoji|score60,convenience store
Journalist,,none,
Judaism,,none,
Judge,https://cdn.jsdelivr.net/gh/hfg-gmuend/openmoji@master/color/svg/1F9D1-200D-2696-FE0F.svg,openmoji|score100,judge
Juice,,none,
Jungle,,none,
Kale,,none,
Kangaroo,https://cdn.jsdelivr.net/gh/hfg-gmuend/openmoji@master/color/svg/1F998.svg,openmoji|score100,kangaroo
Karva Chauth,,none,
Kayak,,none,
Ketchup,,none,
Khichdi,,none,
Kiwi,https://cdn.jsdelivr.net/gh/hfg-gmuend/openmoji@master/color/svg/1F95D.svg,openmoji|score80,kiwi fruit
Knee,https://cdn.jsdelivr.net/gh/hfg-gmuend/openmoji@master/color/svg/1F9CE.svg,openmoji|score80,person kneeling
Knuckle,,none,
Koala,https://cdn.jsdelivr.net/gh/hfg-gmuend/openmoji@master/color/svg/1F428.svg,openmoji|score100,koala
Ladybug,,none,
Lake,https://cdn.jsdelivr.net/gh/hfg-gmuend/openmoji@master/color/svg/2744.svg,openmoji|score80,snowflake
Lasagna,,none,
Laundry,,none,
Lavender,,none,
Lawyer,,none,
Leaf,https://cdn.jsdelivr.net/gh/hfg-gmuend/openmoji@master/color/svg/1F340.svg,openmoji|score80,four leaf clover
Leek,,none,
Left,https://cdn.jsdelivr.net/gh/hfg-gmuend/openmoji@master/color/svg/1F5E8.svg,openmoji|score80,left speech bubble
Leg,https://cdn.jsdelivr.net/gh/hfg-gmuend/openmoji@master/color/svg/1F9B5.svg,openmoji|score100,leg
Lemon,https://cdn.jsdelivr.net/gh/hfg-gmuend/openmoji@master/color/svg/1F34B.svg,openmoji|score100,lemon
Lentil Soup,https://cdn.jsdelivr.net/gh/hfg-gmuend/openmoji@master/color/svg/E0C2.svg,openmoji|score60,lentils with spaetzle
Leopard,https://cdn.jsdelivr.net/gh/hfg-gmuend/openmoji@master/color/svg/1F406.svg,openmoji|score100,leopard
Lettuce,,none,
Librarian,,none,
Lime,https://cdn.jsdelivr.net/gh/hfg-gmuend/openmoji@master/color/svg/1F34B-200D-1F7E9.svg,openmoji|score100,lime
Lion,https://cdn.jsdelivr.net/gh/hfg-gmuend/openmoji@master/color/svg/1F981.svg,openmoji|score100,lion
Lip,https://cdn.jsdelivr.net/gh/hfg-gmuend/openmoji@master/color/svg/1FAE6.svg,openmoji|score80,biting lip
Lychee,,none,
Magenta,,none,
Mall,https://cdn.jsdelivr.net/gh/hfg-gmuend/openmoji@master/color/svg/1F6E9.svg,openmoji|score80,small airplane
Mango,https://cdn.jsdelivr.net/gh/hfg-gmuend/openmoji@master/color/svg/1F96D.svg,openmoji|score100,mango
Mangosteen,,none,
Market,,none,
Maroon,,none,
Mechanic,https://cdn.jsdelivr.net/gh/hfg-gmuend/openmoji@master/color/svg/1F9D1-200D-1F527.svg,openmoji|score100,mechanic
Milk,https://cdn.jsdelivr.net/gh/hfg-gmuend/openmoji@master/color/svg/1F95B.svg,openmoji|score80,glass of milk
Mom,https://cdn.jsdelivr.net/gh/hfg-gmuend/openmoji@master/color/svg/1F912.svg,openmoji|score80,face with thermometer
Momos,,none,
Monkey,https://cdn.jsdelivr.net/gh/hfg-gmuend/openmoji@master/color/svg/1F412.svg,openmoji|score100,monkey
Moon,https://cdn.jsdelivr.net/gh/hfg-gmuend/openmoji@master/color/svg/1F96E.svg,openmoji|score80,moon cake
Moose,https://cdn.jsdelivr.net/gh/hfg-gmuend/openmoji@master/color/svg/1FACE.svg,openmoji|score100,moose
Mother,,none,
Motorcycle,https://cdn.jsdelivr.net/gh/hfg-gmuend/openmoji@master/color/svg/1F3CD.svg,openmoji|score100,motorcycle
Mountain,https://cdn.jsdelivr.net/gh/hfg-gmuend/openmoji@master/color/svg/26F0.svg,openmoji|score100,mountain
Mouse,https://cdn.jsdelivr.net/gh/hfg-gmuend/openmoji@master/color/svg/1F401.svg,openmoji|score100,mouse
Mouth,https://cdn.jsdelivr.net/gh/hfg-gmuend/openmoji@master/color/svg/1F444.svg,openmoji|score100,mouth
Mud,https://cdn.jsdelivr.net/gh/hfg-gmuend/openmoji@master/color/svg/1F1E7-1F1F2.svg,openmoji|score80,flag: Bermuda
Muffin,,none,
Mulberry,,none,
Mushroom,https://cdn.jsdelivr.net/gh/hfg-gmuend/openmoji@master/color/svg/1F344.svg,openmoji|score100,mushroom
Musician,,none,
Naan,,none,
Nail,https://cdn.jsdelivr.net/gh/hfg-gmuend/openmoji@master/color/svg/1F485.svg,openmoji|score80,nail polish
Narwhal,https://cdn.jsdelivr.net/gh/hfg-gmuend/openmoji@master/color/svg/E006.svg,openmoji|score100,narwhal
Navratri,,none,
Navy,,none,
Neck,https://cdn.jsdelivr.net/gh/hfg-gmuend/openmoji@master/color/svg/1F454.svg,openmoji|score80,necktie
Nectarine,,none,
Nephew,,none,
Nest,https://cdn.jsdelivr.net/gh/hfg-gmuend/openmoji@master/color/svg/1FAB9.svg,openmoji|score80,empty nest
New Year,https://cdn.jsdelivr.net/gh/hfg-gmuend/openmoji@master/color/svg/1F311.svg,openmoji|score60,new moon
Niece,,none,
Noodles,,none,
North,https://cdn.jsdelivr.net/gh/hfg-gmuend/openmoji@master/color/svg/E0A0.svg,openmoji|score100,north
Nose,https://cdn.jsdelivr.net/gh/hfg-gmuend/openmoji@master/color/svg/1F443.svg,openmoji|score100,nose
Nurse,https://cdn.jsdelivr.net/gh/hfg-gmuend/openmoji@master/color/svg/E302.svg,openmoji|score80,female nurse
Oatmeal,,none,
Ocean,https://cdn.jsdelivr.net/gh/hfg-gmuend/openmoji@master/color/svg/1F1EE-1F1F4.svg,openmoji|score80,flag: British Indian Ocean Territory
Octopus,https://cdn.jsdelivr.net/gh/hfg-gmuend/openmoji@master/color/svg/1F419.svg,openmoji|score100,octopus
Officer,https://cdn.jsdelivr.net/gh/hfg-gmuend/openmoji@master/color/svg/1F46E.svg,openmoji|score80,police officer
Okra,,none,
Olive,https://cdn.jsdelivr.net/gh/hfg-gmuend/openmoji@master/color/svg/1FAD2.svg,openmoji|score100,olive
On,https://cdn.jsdelivr.net/gh/hfg-gmuend/openmoji@master/color/svg/1F923.svg,openmoji|score80,rolling on the floor laughing
Onam,,none,
Onion,https://cdn.jsdelivr.net/gh/hfg-gmuend/openmoji@master/color/svg/1F9C5.svg,openmoji|score100,onion
Orange,https://cdn.jsdelivr.net/gh/hfg-gmuend/openmoji@master/color/svg/1F9E1.svg,openmoji|score80,orange heart
Orangutan,https://cdn.jsdelivr.net/gh/hfg-gmuend/openmoji@master/color/svg/1F9A7.svg,openmoji|score100,orangutan
Ostrich,,none,
Outside,,none,
Oval,,none,
Over,https://cdn.jsdelivr.net/gh/hfg-gmuend/openmoji@master/color/svg/1F92D.svg,openmoji|score80,face with hand over mouth
Owl,https://cdn.jsdelivr.net/gh/hfg-gmuend/openmoji@master/color/svg/1F989.svg,openmoji|score100,owl
Painter,,none,
Pancake,https://cdn.jsdelivr.net/gh/hfg-gmuend/openmoji@master/color/svg/1F95E.svg,openmoji|score80,pancakes
Panda,https://cdn.jsdelivr.net/gh/hfg-gmuend/openmoji@master/color/svg/1F43C.svg,openmoji|score100,panda
Paneer,,none,
Papaya,,none,
Parent,,none,
Parrot,https://cdn.jsdelivr.net/gh/hfg-gmuend/openmoji@master/color/svg/1F99C.svg,openmoji|score100,parrot
Pasta,,none,
Peach,https://cdn.jsdelivr.net/gh/hfg-gmuend/openmoji@master/color/svg/1F351.svg,openmoji|score100,peach
Peacock,https://cdn.jsdelivr.net/gh/hfg-gmuend/openmoji@master/color/svg/1F99A.svg,openmoji|score100,peacock
Pear,https://cdn.jsdelivr.net/gh/hfg-gmuend/openmoji@master/color/svg/1F350.svg,openmoji|score100,pear
Peas,,none,
Penguin,https://cdn.jsdelivr.net/gh/hfg-gmuend/openmoji@master/color/svg/1F427.svg,openmoji|score100,penguin
Pentagon,https://cdn.jsdelivr.net/gh/hfg-gmuend/openmoji@master/color/svg/2B1F.svg,openmoji|score80,black pentagon
Pharmacy,,none,
Photographer,,none,
Pig,https://cdn.jsdelivr.net/gh/hfg-gmuend/openmoji@master/color/svg/1F416.svg,openmoji|score100,pig
Pilot,https://cdn.jsdelivr.net/gh/hfg-gmuend/openmoji@master/color/svg/1F9D1-200D-2708-FE0F.svg,openmoji|score100,pilot
Pineapple,https://cdn.jsdelivr.net/gh/hfg-gmuend/openmoji@master/color/svg/1F34D.svg,openmoji|score100,pineapple
Pink,https://cdn.jsdelivr.net/gh/hfg-gmuend/openmoji@master/color/svg/1FA77.svg,openmoji|score80,pink heart
Pizza,https://cdn.jsdelivr.net/gh/hfg-gmuend/openmoji@master/color/svg/1F355.svg,openmoji|score100,pizza
Plane,https://cdn.jsdelivr.net/gh/hfg-gmuend/openmoji@master/color/svg/2708.svg,openmoji|score80,airplane
Plant,https://cdn.jsdelivr.net/gh/hfg-gmuend/openmoji@master/color/svg/1FAB4.svg,openmoji|score80,potted plant
Plum,,none,
Plumber,,none,
Pomegranate,https://cdn.jsdelivr.net/gh/hfg-gmuend/openmoji@master/color/svg/E0C4.svg,openmoji|score100,pomegranate
Pond,,none,
Pongal,,none,
Popcorn,https://cdn.jsdelivr.net/gh/hfg-gmuend/openmoji@master/color/svg/1F37F.svg,openmoji|score100,popcorn
Post Office,https://cdn.jsdelivr.net/gh/hfg-gmuend/openmoji@master/color/svg/1F3E4.svg,openmoji|score100,post office
Potato,https://cdn.jsdelivr.net/gh/hfg-gmuend/openmoji@master/color/svg/1F954.svg,openmoji|score100,potato
Puddle,,none,
Pumpkin,,none,
Purple,https://cdn.jsdelivr.net/gh/hfg-gmuend/openmoji@master/color/svg/1F49C.svg,openmoji|score80,purple heart
Quail,,none,
Queen,https://cdn.jsdelivr.net/gh/hfg-gmuend/openmoji@master/color/svg/2655.svg,openmoji|score80,white chess queen
Quesadilla,,none,
Quince,,none,
Quokka,,none,
Rabbit,https://cdn.jsdelivr.net/gh/hfg-gmuend/openmoji@master/color/svg/1F407.svg,openmoji|score100,rabbit
Radish,,none,
Rain,https://cdn.jsdelivr.net/gh/hfg-gmuend/openmoji@master/color/svg/1F9E0.svg,openmoji|score80,brain
Rainbow,https://cdn.jsdelivr.net/gh/hfg-gmuend/openmoji@master/color/svg/1F308.svg,openmoji|score100,rainbow
Raksha Bandhan,,none,
Ramadan,,none,
Raspberry,https://cdn.jsdelivr.net/gh/hfg-gmuend/openmoji@master/color/svg/E1C9.svg,openmoji|score80,raspberry pi
Rat,https://cdn.jsdelivr.net/gh/hfg-gmuend/openmoji@master/color/svg/1F400.svg,openmoji|score100,rat
Rectangle,https://cdn.jsdelivr.net/gh/hfg-gmuend/openmoji@master/color/svg/25AC.svg,openmoji|score80,black rectangle
Red,https://cdn.jsdelivr.net/gh/hfg-gmuend/openmoji@master/color/svg/1F62B.svg,openmoji|score80,tired face
Restaurant,,none,
Rhino,https://cdn.jsdelivr.net/gh/hfg-gmuend/openmoji@master/color/svg/1F98F.svg,openmoji|score80,rhinoceros
Rice,https://cdn.jsdelivr.net/gh/hfg-gmuend/openmoji@master/color/svg/1F33E.svg,openmoji|score80,sheaf of rice
Rickshaw,https://cdn.jsdelivr.net/gh/hfg-gmuend/openmoji@master/color/svg/1F6FA.svg,openmoji|score80,auto rickshaw
Right,https://cdn.jsdelivr.net/gh/hfg-gmuend/openmoji@master/color/svg/1F5EF.svg,openmoji|score80,right anger bubble
River,https://cdn.jsdelivr.net/gh/hfg-gmuend/openmoji@master/color/svg/1FA9B.svg,openmoji|score80,screwdriver
Rock,https://cdn.jsdelivr.net/gh/hfg-gmuend/openmoji@master/color/svg/1FAA8.svg,openmoji|score100,rock
Rocket,https://cdn.jsdelivr.net/gh/hfg-gmuend/openmoji@master/color/svg/1F680.svg,openmoji|score100,rocket
Rooster,https://cdn.jsdelivr.net/gh/hfg-gmuend/openmoji@master/color/svg/1F413.svg,openmoji|score100,rooster
Roti,,none,
Salad,https://cdn.jsdelivr.net/gh/hfg-gmuend/openmoji@master/color/svg/1F957.svg,openmoji|score80,green salad
Salon,,none,
Samosa,,none,
Sand,https://cdn.jsdelivr.net/gh/hfg-gmuend/openmoji@master/color/svg/1F96A.svg,openmoji|score80,sandwich
Sandwich,https://cdn.jsdelivr.net/gh/hfg-gmuend/openmoji@master/color/svg/1F96A.svg,openmoji|score100,sandwich
Scientist,https://cdn.jsdelivr.net/gh/hfg-gmuend/openmoji@master/color/svg/1F9D1-200D-1F52C.svg,openmoji|score100,scientist
Scooter,https://cdn.jsdelivr.net/gh/hfg-gmuend/openmoji@master/color/svg/1F6F5.svg,openmoji|score80,motor scooter
Sheep,,none,
Ship,https://cdn.jsdelivr.net/gh/hfg-gmuend/openmoji@master/color/svg/1F6A2.svg,openmoji|score100,ship
Shoulder,,none,
Sideways,,none,
Sikhism,,none,
Silver,,none,
Singer,https://cdn.jsdelivr.net/gh/hfg-gmuend/openmoji@master/color/svg/1F9D1-200D-1F3A4.svg,openmoji|score100,singer
Sister,,none,
Skateboard,https://cdn.jsdelivr.net/gh/hfg-gmuend/openmoji@master/color/svg/1F6F9.svg,openmoji|score100,skateboard
Sky,https://cdn.jsdelivr.net/gh/hfg-gmuend/openmoji@master/color/svg/E070.svg,openmoji|score80,bluesky
Sled,https://cdn.jsdelivr.net/gh/hfg-gmuend/openmoji@master/color/svg/1F6F7.svg,openmoji|score100,sled
Smoothie,,none,
Snail,https://cdn.jsdelivr.net/gh/hfg-gmuend/openmoji@master/color/svg/1F40C.svg,openmoji|score100,snail
Snake,https://cdn.jsdelivr.net/gh/hfg-gmuend/openmoji@master/color/svg/1F40D.svg,openmoji|score100,snake
Snow,https://cdn.jsdelivr.net/gh/hfg-gmuend/openmoji@master/color/svg/1F3C2.svg,openmoji|score80,snowboarder
Soldier,,none,
Son,https://cdn.jsdelivr.net/gh/hfg-gmuend/openmoji@master/color/svg/1F9D1.svg,openmoji|score80,person
Soup,,none,
South,https://cdn.jsdelivr.net/gh/hfg-gmuend/openmoji@master/color/svg/1F1EC-1F1F8.svg,openmoji|score80,flag: South Georgia & South Sandwich Islands
Sphere,,none,
Spinach,,none,
Square,https://cdn.jsdelivr.net/gh/hfg-gmuend/openmoji@master/color/svg/1F7E5.svg,openmoji|score80,red square
Squash,,none,
Squirrel,,none,
Star,https://cdn.jsdelivr.net/gh/hfg-gmuend/openmoji@master/color/svg/2B50.svg,openmoji|score100,star
Stepmother,,none,
Stomach,https://cdn.jsdelivr.net/gh/hfg-gmuend/openmoji@master/color/svg/E313.svg,openmoji|score100,stomach
Stone,https://cdn.jsdelivr.net/gh/hfg-gmuend/openmoji@master/color/svg/1F94C.svg,openmoji|score80,curling stone
Storm,,none,
Strawberry,https://cdn.jsdelivr.net/gh/hfg-gmuend/openmoji@master/color/svg/1F353.svg,openmoji|score100,strawberry
Submarine,https://cdn.jsdelivr.net/gh/hfg-gmuend/openmoji@master/color/svg/E21A.svg,openmoji|score100,submarine
Sun,https://cdn.jsdelivr.net/gh/hfg-gmuend/openmoji@master/color/svg/2600.svg,openmoji|score100,sun
Supermarket,,none,
Swan,https://cdn.jsdelivr.net/gh/hfg-gmuend/openmoji@master/color/svg/1F9A2.svg,openmoji|score100,swan
Sweet Potato,https://cdn.jsdelivr.net/gh/hfg-gmuend/openmoji@master/color/svg/1F954.svg,openmoji|score90,potato
Tacos,,none,
Tailor,,none,
Tangerine,https://cdn.jsdelivr.net/gh/hfg-gmuend/openmoji@master/color/svg/1F34A.svg,openmoji|score100,tangerine
Taxi,https://cdn.jsdelivr.net/gh/hfg-gmuend/openmoji@master/color/svg/1F695.svg,openmoji|score100,taxi
Teacher,https://cdn.jsdelivr.net/gh/hfg-gmuend/openmoji@master/color/svg/1F9D1-200D-1F3EB.svg,openmoji|score100,teacher
Teal,,none,
Thanksgiving,,none,
Through,,none,
Thumb,https://cdn.jsdelivr.net/gh/hfg-gmuend/openmoji@master/color/svg/1FAF0.svg,openmoji|score80,hand with index finger and thumb crossed
Thunder,,none,
Tiger,https://cdn.jsdelivr.net/gh/hfg-gmuend/openmoji@master/color/svg/1F405.svg,openmoji|score100,tiger
Toast,,none,
Toe,,none,
Tomato,https://cdn.jsdelivr.net/gh/hfg-gmuend/openmoji@master/color/svg/1F345.svg,openmoji|score100,tomato
Tongue,https://cdn.jsdelivr.net/gh/hfg-gmuend/openmoji@master/color/svg/1F445.svg,openmoji|score100,tongue
Tooth,https://cdn.jsdelivr.net/gh/hfg-gmuend/openmoji@master/color/svg/1F9B7.svg,openmoji|score100,tooth
Top,https://cdn.jsdelivr.net/gh/hfg-gmuend/openmoji@master/color/svg/1F419.svg,openmoji|score80,octopus
Toy Store,https://cdn.jsdelivr.net/gh/hfg-gmuend/openmoji@master/color/svg/1F3EA.svg,openmoji|score60,convenience store
Tractor,https://cdn.jsdelivr.net/gh/hfg-gmuend/openmoji@master/color/svg/1F69C.svg,openmoji|score100,tractor
Train,https://cdn.jsdelivr.net/gh/hfg-gmuend/openmoji@master/color/svg/1F686.svg,openmoji|score100,train
Tram,https://cdn.jsdelivr.net/gh/hfg-gmuend/openmoji@master/color/svg/1F68A.svg,openmoji|score100,tram
Tree,https://cdn.jsdelivr.net/gh/hfg-gmuend/openmoji@master/color/svg/1F332.svg,openmoji|score80,evergreen tree
Triangle,https://cdn.jsdelivr.net/gh/hfg-gmuend/openmoji@master/color/svg/1F53A.svg,openmoji|score80,red triangle pointed up
Truck,https://cdn.jsdelivr.net/gh/hfg-gmuend/openmoji@master/color/svg/1F929.svg,openmoji|score80,star-struck
Turkey,https://cdn.jsdelivr.net/gh/hfg-gmuend/openmoji@master/color/svg/1F983.svg,openmoji|score100,turkey
Turnip,,none,
Turquoise,,none,
Turtle,https://cdn.jsdelivr.net/gh/hfg-gmuend/openmoji@master/color/svg/1F422.svg,openmoji|score100,turtle
Ugli Fruit,https://cdn.jsdelivr.net/gh/hfg-gmuend/openmoji@master/color/svg/1F95D.svg,openmoji|score60,kiwi fruit
Umbrella,https://cdn.jsdelivr.net/gh/hfg-gmuend/openmoji@master/color/svg/2602.svg,openmoji|score100,umbrella
Uncle,,none,
Under,https://cdn.jsdelivr.net/gh/hfg-gmuend/openmoji@master/color/svg/1FAE9.svg,openmoji|score80,face with bags under eyes
Unicorn,https://cdn.jsdelivr.net/gh/hfg-gmuend/openmoji@master/color/svg/1F984.svg,openmoji|score100,unicorn
Up,https://cdn.jsdelivr.net/gh/hfg-gmuend/openmoji@master/color/svg/1F643.svg,openmoji|score80,upside-down face
Upma,,none,
Vada,,none,
Valley,,none,
Van,https://cdn.jsdelivr.net/gh/hfg-gmuend/openmoji@master/color/svg/1F1FB-1F1FA.svg,openmoji|score80,flag: Vanuatu
Vegetable Soup,https://cdn.jsdelivr.net/gh/hfg-gmuend/openmoji@master/color/svg/1FADC.svg,openmoji|score60,root vegetable
Vet,https://cdn.jsdelivr.net/gh/hfg-gmuend/openmoji@master/color/svg/1F1E7-1F1FB.svg,openmoji|score80,flag: Bouvet Island
Violet,,none,
Volcano,https://cdn.jsdelivr.net/gh/hfg-gmuend/openmoji@master/color/svg/1F30B.svg,openmoji|score100,volcano
Vulture,,none,
Waffle,https://cdn.jsdelivr.net/gh/hfg-gmuend/openmoji@master/color/svg/1F9C7.svg,openmoji|score100,waffle
Wagon,,none,
Waist,,none,
Waiter,,none,
Walrus,,none,
Water,https://cdn.jsdelivr.net/gh/hfg-gmuend/openmoji@master/color/svg/1F93D.svg,openmoji|score80,person playing water polo
Waterfall,,none,
Watermelon,https://cdn.jsdelivr.net/gh/hfg-gmuend/openmoji@master/color/svg/1F349.svg,openmoji|score100,watermelon
Wave,https://cdn.jsdelivr.net/gh/hfg-gmuend/openmoji@master/color/svg/1F30A.svg,openmoji|score80,water wave
West,https://cdn.jsdelivr.net/gh/hfg-gmuend/openmoji@master/color/svg/1F1EA-1F1ED.svg,openmoji|score80,flag: Western Sahara
Whale,https://cdn.jsdelivr.net/gh/hfg-gmuend/openmoji@master/color/svg/1F40B.svg,openmoji|score100,whale
White,https://cdn.jsdelivr.net/gh/hfg-gmuend/openmoji@master/color/svg/1F90D.svg,openmoji|score80,white heart
Wife,,none,
Wind,https://cdn.jsdelivr.net/gh/hfg-gmuend/openmoji@master/color/svg/1F343.svg,openmoji|score80,leaf fluttering in wind
Wolf,https://cdn.jsdelivr.net/gh/hfg-gmuend/openmoji@master/color/svg/1F43A.svg,openmoji|score100,wolf
Wrist,,none,
Writer,,none,
X-ray,https://cdn.jsdelivr.net/gh/hfg-gmuend/openmoji@master/color/svg/1FA7B.svg,openmoji|score100,x-ray
X-ray Fish,https://cdn.jsdelivr.net/gh/hfg-gmuend/openmoji@master/color/svg/1F41F.svg,openmoji|score90,fish
Yacht,,none,
Yak,,none,
Yellow,https://cdn.jsdelivr.net/gh/hfg-gmuend/openmoji@master/color/svg/1F49B.svg,openmoji|score80,yellow heart
Yoga Instructor,,none,
Yogurt,,none,
Yuzu,,none,
Zebra,https://cdn.jsdelivr.net/gh/hfg-gmuend/openmoji@master/color/svg/1F993.svg,openmoji|score100,zebra
Zigzag,,none,
Ziti,,none,
Zoo,,none,
Zookeeper,,none,
Zoroastrianism,,none,
Zucchini,,none,
colors,,none,
vehicles,,none,
Éclair,,none,
